<?xml version="1.0" encoding="UTF-8"?>
<configuration>

    <!-- Define the appenders -->
    <appender name="FILE" class="ch.qos.logback.core.FileAppender">
        <file>logs/test.log</file> <!-- Define the file path -->
        <encoder>
            <pattern>%d{yyyy-MM-dd-HH:mm:ss.SSS} [%thread] %-5level %logger{36} - %msg%n</pattern> <!-- Define log format -->
        </encoder>
    </appender>

    <!-- Root logger -->
    <root level="INFO">
        <appender-ref ref="FILE" /> <!-- Reference the file appender -->
    </root>

</configuration>
